category,href
all-cleansers,/collections/all-cleansers/products/one-love-organics-vitamin-b-enzyme-cleansing-oil-makeup-remover-new
all-cleansers,/collections/all-cleansers/products/exfoliating-instant-facial
all-cleansers,/collections/all-cleansers/products/josh-rosebrook-hydrating-accelerator
all-cleansers,/collections/all-cleansers/products/indie-lee-co-q10-toner
all-cleansers,/collections/all-cleansers/products/indie-lee-brightening-cleanser
all-cleansers,/collections/all-cleansers/products/pure-e-o-free-oil-cleanser
all-cleansers,/collections/all-cleansers/products/ursa-major-essential-face-wipes
all-cleansers,/collections/all-cleansers/products/one-love-organics-easy-does-it-foaming-cleanser
all-cleansers,/collections/all-cleansers/products/balancing-hypo-tonic
all-cleansers,/collections/all-cleansers/products/ursa-major-fantastic-face-wash
all-cleansers,/collections/all-cleansers/products/osea-ocean-cleanser
all-cleansers,/collections/all-cleansers/products/tata-harper-regenerating-cleanser
all-cleansers,/collections/all-cleansers/products/tata-harper-resurfacing-mask
all-cleansers,/collections/all-cleansers/products/camellia-rose-gentle-hydrating-cleanser
all-cleansers,/collections/all-cleansers/products/goldfaden-md-doctors-scrub-exfoliator
all-cleansers,/collections/all-cleansers/products/acure-organics-brilliantly-brightening-facial-scrub
all-cleansers,/collections/all-cleansers/products/january-labs-daily-brightening-tonic
all-cleansers,/collections/all-cleansers/products/plantgenius-creamy-bubbling-cleanser
all-cleansers,/collections/all-cleansers/products/luminous-melting-cleanser
all-cleansers,/collections/all-cleansers/products/acure-organics-coconut-argan-oil-cleansing-towelettes
all-cleansers,/collections/all-cleansers/products/daily-exfoliating-cleanser
all-cleansers,/collections/all-cleansers/products/goe-oil
all-cleansers,/collections/all-cleansers/products/restorative-tonic-mist
all-cleansers,/collections/all-cleansers/products/yuni-shower-sheets
all-cleansers,/collections/all-cleansers/products/jasmine-green-tea-balancing-toner
all-cleansers,/collections/all-cleansers/products/replenishing-oil-cleanser
all-cleansers,/collections/all-cleansers/products/goe-hand-refresher-1
all-cleansers,/collections/all-cleansers/products/ursa-major-4-in-1-essential-tonic
all-cleansers,/collections/all-cleansers/products/rosehip-cleanser
all-cleansers,/collections/all-cleansers/products/bamboo-charcoal-soap
all-cleansers,/collections/all-cleansers/products/juicy-bamboo-facial-cleansing-cloths
all-cleansers,/collections/all-cleansers/products/raw-coconut-cream
all-cleansers,/collections/all-cleansers/products/invigorating-mint-body-wash
all-cleansers,/collections/all-cleansers/products/pink-clay-soap
all-cleansers,/collections/all-cleansers/products/josh-rosebrook-active-enzyme-exfoliator
all-cleansers,/collections/all-cleansers/products/acure-organics-sensitive-facial-cleanser
all-cleansers,/collections/all-cleansers/products/g-tox-ultimate-dry-brush
all-cleansers,/collections/all-cleansers/products/rms-beauty-ultimate-makeup-remover-wipes
all-cleansers,/collections/all-cleansers/products/gentle-cleansing-melt
all-cleansers,/collections/all-cleansers/products/gentle-gel-cleanser
all-cleansers,/collections/all-cleansers/products/josh-rosebrook-complete-moisture-cleanse
all-cleansers,/collections/all-cleansers/products/probiotic-exfoliation-mask
all-cleansers,/collections/all-cleansers/products/seductive-sandalwood-body-wash
all-cleansers,/collections/all-cleansers/products/gentle-cleanser
all-cleansers,/collections/all-cleansers/products/seriously-soothing-micellar-water-towelettes
all-cleansers,/collections/all-cleansers/products/clarifying-cleanser
all-cleansers,/collections/all-cleansers/products/morning-mojo-bar-soap
all-cleansers,/collections/all-cleansers/products/the-balm
all-cleansers,/collections/all-cleansers/products/osea-ocean-cleansing-mudd
all-cleansers,/collections/all-cleansers/products/ursa-major-citrus-riot-body-wash
all-cleansers,/collections/all-cleansers/products/indie-lee-clarity-kit
all-cleansers,/collections/all-cleansers/products/g-tox-5-salt-detox-body-scrub
all-cleansers,/collections/all-cleansers/products/tata-harper-purifying-gel-cleanser
all-cleansers,/collections/all-cleansers/products/osea-ocean-cleansing-milk
all-cleansers,/collections/all-cleansers/products/the-mini-kit
all-cleansers,/collections/all-cleansers/products/tata-harper-nourishing-oil-cleanser
all-cleansers,/collections/all-cleansers/products/purifying-face-wash
all-cleansers,/collections/all-cleansers/products/kukui-jojoba-bead-skin-brightening-exfoliator
all-cleansers,/collections/all-cleansers/products/face-foam
all-cleansers,/collections/all-cleansers/products/pure-gentle-cleansing-gel
all-cleansers,/collections/all-cleansers/products/pink-clay-mask
all-cleansers,/collections/all-cleansers/products/amethyst-exfoliating-body-polish
all-cleansers,/collections/all-cleansers/products/g-day-ginger-ashwagandha-energy-body-wash
all-cleansers,/collections/all-cleansers/products/fennel-cardamom-chai-soap-bar
all-cleansers,/collections/all-cleansers/products/tata-harper-hydrating-floral-essence
all-cleansers,/collections/all-cleansers/products/deodorant-booster-bar
all-cleansers,/collections/all-cleansers/products/organic-flowers-deep-rich-toner
all-cleansers,/collections/all-cleansers/products/g-tox-glacial-marine-clay-body-cleanser
all-cleansers,/collections/all-cleansers/products/mother-dirt-face-body-cleanser
all-cleansers,/collections/all-cleansers/products/cleansing-oil
all-cleansers,/collections/all-cleansers/products/vital-foaming-cleanser
all-cleansers,/collections/all-cleansers/products/light-work-rosehip-cleansing-oil
all-cleansers,/collections/all-cleansers/products/detox-clarifying-facial-wash
all-cleansers,/collections/all-cleansers/products/brightening-micellar-water
all-cleansers,/collections/all-cleansers/products/coconut-citrus-scrub
all-cleansers,/collections/all-cleansers/products/coffee-face-scrub-citrus-blend
all-cleansers,/collections/all-cleansers/products/green-apple-brightening-gel-cleanser
all-cleansers,/collections/all-cleansers/products/skin-brush
all-cleansers,/collections/all-cleansers/products/miracle-cleanser
all-cleansers,/collections/all-cleansers/products/soapply-for-credo-liquid-hand-wash
all-cleansers,/collections/all-cleansers/products/lotus-orange-blossom-bioaffinity-toner
all-cleansers,/collections/all-cleansers/products/cream-cleanser
all-cleansers,/collections/all-cleansers/products/susanne-kaufmann-cleansing-gel
all-cleansers,/collections/all-cleansers/products/baobab-clay-oxygenating-cleanser
all-cleansers,/collections/all-cleansers/products/maya-chia-the-great-cleanse-cleansing-oil
all-cleansers,/collections/all-cleansers/products/tata-harper-refreshing-cleanser
all-cleansers,/collections/all-cleansers/products/one-love-organics-vitamin-d-moisture-mist
all-cleansers,/collections/all-cleansers/products/moisturizing-cleanserss-makeup-remover
all-cleansers,/collections/all-cleansers/products/goldfaden-md-pure-start-cleanser
all-cleansers,/collections/all-cleansers/products/juicy-bamboo-cleansing-cloths-to-go
all-cleansers,/collections/all-cleansers/products/juice-beauty-stem-cellular-exfoliating-peel-spray
all-cleansers,/collections/all-cleansers/products/rejuvenating-frankincense-toner
all-cleansers,/collections/all-cleansers/products/no-11-anarose-rejuvenating-rose-toner
all-cleansers,/collections/all-cleansers/products/susanne-kaufmann-cleansing-milk
all-cleansers,/collections/all-cleansers/products/gentle-daily-peel
all-cleansers,/collections/all-cleansers/products/rejuvenating-frankincense-refining-cleanser
all-cleansers,/collections/all-cleansers/products/buffer
all-cleansers,/collections/all-cleansers/products/probiotic-skin-refiner
all-cleansers,/collections/all-cleansers/products/liquid-crystal-micellic-cleanser
all-cleansers,/collections/all-cleansers/products/susanne-kaufmann-enzyme-peel
all-cleansers,/collections/all-cleansers/products/stem-cellular-2-in-1-cleanser
all-cleansers,/collections/all-cleansers/products/abhati-periya-body-cleanser
all-cleansers,/collections/all-cleansers/products/radiance-renewal-peel
all-cleansers,/collections/all-cleansers/products/daily-detox-facial-wash
all-cleansers,/collections/all-cleansers/products/shave-prep-daily-wash
all-cleansers,/collections/all-cleansers/products/essential-hydrating-rose-tonic
all-cleansers,/collections/all-cleansers/products/balance-toner
all-cleansers,/collections/all-cleansers/products/organic-flowers-cleansing-water
all-cleansers,/collections/all-cleansers/products/swipe-clean-oil-cleanser
all-cleansers,/collections/all-cleansers/products/jasmine-tonique
all-cleansers,/collections/all-cleansers/products/incredibly-clear-charcoal-lemonade-cleansing-clay
all-cleansers,/collections/all-cleansers/products/silk-scrub
all-cleansers,/collections/all-cleansers/products/josh-rosebrook-herbal-infusion-oil
all-cleansers,/collections/all-cleansers/products/botanical-b-cleansing-oil-solid
all-cleansers,/collections/all-cleansers/products/organic-flowers-foaming-gel
all-cleansers,/collections/all-cleansers/products/exfoliator
all-cleansers,/collections/all-cleansers/products/mun-akwi-purifying-cleanser
all-cleansers,/collections/all-cleansers/products/fight-grime-deep-fresh-gel-cleanser
all-cleansers,/collections/all-cleansers/products/vitamin-c-probiotic-polish
all-cleansers,/collections/all-cleansers/products/stem-cellular-cleansing-oil
all-cleansers,/collections/all-cleansers/products/yunicorn-celestial-jelly-daily-mask-cleanser
all-cleansers,/collections/all-cleansers/products/essential-oil-cleanser
all-cleansers,/collections/all-cleansers/products/rice-plant-rosemary-bioaffinity-toner
all-cleansers,/collections/all-cleansers/products/aftershave-tonic
all-cleansers,/collections/all-cleansers/products/susanne-kaufmann-tonic-soothing
all-cleansers,/collections/all-cleansers/products/invigorating-balancing-toner
all-cleansers,/collections/all-cleansers/products/essential-hydrating-lavender-tonic
all-cleansers,/collections/all-cleansers/products/everything-cleanser
all-cleansers,/collections/all-cleansers/products/creme-brulee-body-scrub
all-cleansers,/collections/all-cleansers/products/vital-unifier
all-cleansers,/collections/all-cleansers/products/juice-beauty-stem-cellular-resurfacing-micro-exfoliant
all-cleansers,/collections/all-cleansers/products/a-fresh-start-nuori-discovery-set
all-cleansers,/collections/all-cleansers/products/face-wash
all-cleansers,/collections/all-cleansers/products/violets-are-blue-facial-cleanser
all-cleansers,/collections/all-cleansers/products/luminous-ceremony-cream-cleanser
all-cleansers,/collections/all-cleansers/products/pomegranate-3-in-1-enzyme-cleanser
all-cleansers,/collections/all-cleansers/products/rosehip-transformation-cleansing-oil
all-cleansers,/collections/all-cleansers/products/gentle-gel-facial-cleanser
all-cleansers,/collections/all-cleansers/products/organic-flowers-original-toner
all-cleansers,/collections/all-cleansers/products/matcha-beauty-bar
all-cleansers,/collections/all-cleansers/products/herb-infused-toner
all-cleansers,/collections/all-cleansers/products/protect-cleansing-milk
all-cleansers,/collections/all-cleansers/products/invigorating-mint-body-scrub
all-cleansers,/collections/all-cleansers/products/fleur-de-rose-cream-cleanser
all-cleansers,/collections/all-cleansers/products/botanical-a-cleanser
all-cleansers,/collections/all-cleansers/products/orange-blossom-honey-gel-cleanser
all-cleansers,/collections/all-cleansers/products/gutta-move-on-cleanser-from-within
all-cleansers,/collections/all-cleansers/products/polish-detoxifying-body-scrub
all-cleansers,/collections/all-cleansers/products/herbal-balancing-oil-cleanser
all-cleansers,/collections/all-cleansers/products/the-cleanser
all-cleansers,/collections/all-cleansers/products/lemon-myrtle-honey-gel-cleanser
all-cleansers,/collections/all-cleansers/products/hydra-restore-cream-cleanser
all-cleansers,/collections/all-cleansers/products/shanta-face-cleanser
all-cleansers,/collections/all-cleansers/products/supreme-polishing-treatment
all-cleansers,/collections/all-cleansers/products/oil-cleanse
all-cleansers,/collections/all-cleansers/products/polishing-facial-exfoliant
all-cleansers,/collections/all-cleansers/products/hawaiian-beauty-water
all-cleansers,/collections/all-cleansers/products/paakai-cleansing-cream
all-cleansers,/collections/all-cleansers/products/g-tox-malachite-aha-pore-refining-tonic
all-cleansers,/collections/all-cleansers/products/g-tox-malachite-fruit-acid-pore-purifying-cleanser
all-cleansers,/collections/all-cleansers/products/crystal-clear
all-cleansers,/collections/all-cleansers/products/the-new-normal-kit
all-moisturizers,/collections/all-moisturizers/products/josh-rosebrook-hydrating-accelerator
all-moisturizers,/collections/all-moisturizers/products/skin-food-original
all-moisturizers,/collections/all-moisturizers/products/skin-food-light
all-moisturizers,/collections/all-moisturizers/products/plum-beauty-oil
all-moisturizers,/collections/all-moisturizers/products/josh-rosebrook-vital-balm-cream
all-moisturizers,/collections/all-moisturizers/products/ursa-major-golden-hour-recovery-cream
all-moisturizers,/collections/all-moisturizers/products/hyaluronic-serum-200
all-moisturizers,/collections/all-moisturizers/products/replenishing-night-cream-1
all-moisturizers,/collections/all-moisturizers/products/5-in-1-natural-moisturizing-face-sunscreen-tinted
all-moisturizers,/collections/all-moisturizers/products/tinted-face-oil
all-moisturizers,/collections/all-moisturizers/products/lily-lolo-bb-cream
all-moisturizers,/collections/all-moisturizers/products/ilia-belle-mare-t2-light-1
all-moisturizers,/collections/all-moisturizers/products/rosehip-bioregenerate-oil
all-moisturizers,/collections/all-moisturizers/products/josh-rosebrook-nutrient-day-cream-with-spf-30
all-moisturizers,/collections/all-moisturizers/products/algae-moringa-universal-face-oil
all-moisturizers,/collections/all-moisturizers/products/protective-day-oil
all-moisturizers,/collections/all-moisturizers/products/plantgenius-melt-moisturizer
all-moisturizers,/collections/all-moisturizers/products/ursa-major-fortifying-face-balm
all-moisturizers,/collections/all-moisturizers/products/barrier-lipid-complex
all-moisturizers,/collections/all-moisturizers/products/squalane-facial-oil
all-moisturizers,/collections/all-moisturizers/products/calming-moisture-for-face-neck-scalp
all-moisturizers,/collections/all-moisturizers/products/chamomile-rosehip-calming-day-cream
all-moisturizers,/collections/all-moisturizers/products/osea-blemish-balm
all-moisturizers,/collections/all-moisturizers/products/spf-30-oil-free-moisturizer
all-moisturizers,/collections/all-moisturizers/products/super-sensitive-skin-stuff
all-moisturizers,/collections/all-moisturizers/products/raw-coconut-cream
all-moisturizers,/collections/all-moisturizers/products/josh-rosebrook-nutrient-day-cream-with-spf-30-tinted
all-moisturizers,/collections/all-moisturizers/products/ursa-major-perfect-zen-body-lotion
all-moisturizers,/collections/all-moisturizers/products/goldfaden-md-vital-boost-moisturizer
all-moisturizers,/collections/all-moisturizers/products/osea-atmosphere-protection-cream
all-moisturizers,/collections/all-moisturizers/products/replenishing-night-cream
all-moisturizers,/collections/all-moisturizers/products/moisture-balancing-lotion
all-moisturizers,/collections/all-moisturizers/products/avocado-jojoba-hydrating-day-cream
all-moisturizers,/collections/all-moisturizers/products/multi-peptide-360-moisture-cream
all-moisturizers,/collections/all-moisturizers/products/tata-harper-repairative-moisturizer
all-moisturizers,/collections/all-moisturizers/products/revitalizing-day-moisturizer
all-moisturizers,/collections/all-moisturizers/products/pink-cloud-rosewater-moisture-creme
all-moisturizers,/collections/all-moisturizers/products/acure-organics-oil-matifying-facial-moisturizer
all-moisturizers,/collections/all-moisturizers/products/osea-advanced-protection-cream
all-moisturizers,/collections/all-moisturizers/products/unscented-shea-butter
all-moisturizers,/collections/all-moisturizers/products/retexturizing-night-cream
all-moisturizers,/collections/all-moisturizers/products/the-mini-kit
all-moisturizers,/collections/all-moisturizers/products/indie-lee-clarity-kit
all-moisturizers,/collections/all-moisturizers/products/one-love-organics-skin-savior-multi-tasking-wonder-balm
all-moisturizers,/collections/all-moisturizers/products/echium-argan-gentle-eye-cream
all-moisturizers,/collections/all-moisturizers/products/stem-cellular-moisturizer
all-moisturizers,/collections/all-moisturizers/products/daily-moisturizer
all-moisturizers,/collections/all-moisturizers/products/eugenia-shea-essence-of-lavender-shea-butter
all-moisturizers,/collections/all-moisturizers/products/wild-rose-beauty-balm
all-moisturizers,/collections/all-moisturizers/products/skin-dew-coconut-water-cream
all-moisturizers,/collections/all-moisturizers/products/geranium-thistle-rebalancing-day-cream
all-moisturizers,/collections/all-moisturizers/products/luxury-body-serum
all-moisturizers,/collections/all-moisturizers/products/african-botanics-neroli-infused-marula-oil
all-moisturizers,/collections/all-moisturizers/products/jao-face-creme
all-moisturizers,/collections/all-moisturizers/products/vital-eye-cream
all-moisturizers,/collections/all-moisturizers/products/boundless-solid-oil
all-moisturizers,/collections/all-moisturizers/products/sahajan-nourish-face-cream
all-moisturizers,/collections/all-moisturizers/products/radically-rejuvenating-spf-day-cream
all-moisturizers,/collections/all-moisturizers/products/tata-harper-clarifying-moisturizer
all-moisturizers,/collections/all-moisturizers/products/active-oil-free-moisturizer
all-moisturizers,/collections/all-moisturizers/products/oil-free-moisturizer
all-moisturizers,/collections/all-moisturizers/products/goldfaden-md-wake-up-call-overnight-facial-treatment
all-moisturizers,/collections/all-moisturizers/products/babe-balm
all-moisturizers,/collections/all-moisturizers/products/african-botanics-rose-treatment-essence
all-moisturizers,/collections/all-moisturizers/products/d-luxe-daily-bronzer-spf-30
all-moisturizers,/collections/all-moisturizers/products/revitalizing-day-cream
all-moisturizers,/collections/all-moisturizers/products/susanne-kaufmann-skincare-line-t-regeneration-cream
all-moisturizers,/collections/all-moisturizers/products/eugenia-shea-essence-of-grapefruit-shea-butter
all-moisturizers,/collections/all-moisturizers/products/susanne-kaufmann-skin-care-line-t-day-cream
all-moisturizers,/collections/all-moisturizers/products/mother-dirt-moisturizer
all-moisturizers,/collections/all-moisturizers/products/violets-are-blue-face-body-lotion
all-moisturizers,/collections/all-moisturizers/products/illuminating-moisturizer
all-moisturizers,/collections/all-moisturizers/products/vital-moisturizing-cream
all-moisturizers,/collections/all-moisturizers/products/marula-intense-skin-repair-balm
all-moisturizers,/collections/all-moisturizers/products/cosmic-glow-oil
all-moisturizers,/collections/all-moisturizers/products/plumper
all-moisturizers,/collections/all-moisturizers/products/essential-balm
all-moisturizers,/collections/all-moisturizers/products/gliding-light-illuminating-multipurpose-balm
all-moisturizers,/collections/all-moisturizers/products/susanne-kaufmann-skincare-line-f-regeneration-cream
all-moisturizers,/collections/all-moisturizers/products/radically-rejuvenating-whipped-night-cream
all-moisturizers,/collections/all-moisturizers/products/hyaluronic-gel-moisturizer
all-moisturizers,/collections/all-moisturizers/products/a-fresh-start-nuori-discovery-set
all-moisturizers,/collections/all-moisturizers/products/kokum-butter-and-argan-oil-body-cream
all-moisturizers,/collections/all-moisturizers/products/glow-for-good-moisturizer-from-within
all-moisturizers,/collections/all-moisturizers/products/green-apple-brightening-emulsion
all-moisturizers,/collections/all-moisturizers/products/fleur-de-rose-cream-cleanser
all-moisturizers,/collections/all-moisturizers/products/vital-spring-face-lotion
all-moisturizers,/collections/all-moisturizers/products/protect-facial-cream
all-moisturizers,/collections/all-moisturizers/products/serum-crema
all-moisturizers,/collections/all-moisturizers/products/lalitya-whipped-face-cream
all-moisturizers,/collections/all-moisturizers/products/superfruit-facial-cream
all-moisturizers,/collections/all-moisturizers/products/clean-starter-kit
all-moisturizers,/collections/all-moisturizers/products/age-repair-moisturiser
all-moisturizers,/collections/all-moisturizers/products/regenerating-night-cream
all-moisturizers,/collections/all-moisturizers/products/berry-rich-probiotic-face-eye-cream
all-moisturizers,/collections/all-moisturizers/products/super-serum-skin-tint-spf-40
all-moisturizers,/collections/all-moisturizers/products/c-caf-cream
masks-1,/collections/masks-1/products/josh-rosebrook-advanced-hydration-mask
masks-1,/collections/masks-1/products/the-refresh-mint
masks-1,/collections/masks-1/products/tata-harper-clarifying-mask
masks-1,/collections/masks-1/products/blue-tansy-mask
masks-1,/collections/masks-1/products/arctic-breeze-rescue-mask
masks-1,/collections/masks-1/products/herbal-youth-collagen-boosting-mask
masks-1,/collections/masks-1/products/japanese-cherry-blossom-white-tea-smoothing-mask
masks-1,/collections/masks-1/products/honest-hazel-3-treatment-eye-gels-pack
masks-1,/collections/masks-1/products/calming-midnight-mask
masks-1,/collections/masks-1/products/tata-harper-resurfacing-mask
masks-1,/collections/masks-1/products/spacemasks-self-heating-eye-mask
masks-1,/collections/masks-1/products/glow-mask
masks-1,/collections/masks-1/products/bawdy-butt-mask
masks-1,/collections/masks-1/products/ready-selfie-go-fresh-face-instant-mask
masks-1,/collections/masks-1/products/le-masque-hydralift-intense
masks-1,/collections/masks-1/products/bamboo-charcoal-purifying-mask
masks-1,/collections/masks-1/products/hydrating-floral-mask
masks-1,/collections/masks-1/products/lip-serum
masks-1,/collections/masks-1/products/cacao-vanilla-beauty-mask
masks-1,/collections/masks-1/products/yunicorn-celestial-jelly-daily-mask-cleanser
masks-1,/collections/masks-1/products/cerulean-mask
masks-1,/collections/masks-1/products/very-gentle-hydra-mask
masks-1,/collections/masks-1/products/radiant-glow-mask
masks-1,/collections/masks-1/products/skin-balancing-mask
masks-1,/collections/masks-1/products/moisture-renew-mask
masks-1,/collections/masks-1/products/love-charcoal-masque
masks-1,/collections/masks-1/products/organic-hydrogel-mask
masks-1,/collections/masks-1/products/organic-real-kelp-sheet-mask
masks-1,/collections/masks-1/products/supreme-moisture-mask
masks-1,/collections/masks-1/products/bright-and-easy-3-minute-flash-mask
masks-1,/collections/masks-1/products/coconut-charcoal-face-mask
masks-1,/collections/masks-1/products/pink-clay-mask
masks-1,/collections/masks-1/products/beauty-whip
masks-1,/collections/masks-1/products/susanne-kaufmann-moisturizing-mask
masks-1,/collections/masks-1/products/african-botanics-infinite-resurfacing-mask
masks-1,/collections/masks-1/products/kahina-giving-beauty-moisture-mask
masks-1,/collections/masks-1/products/susanne-kaufmann-enzyme-peel
masks-1,/collections/masks-1/products/goldfaden-md-fresh-a-peel-multi-acid-resurfacing-peel
masks-1,/collections/masks-1/products/goldfaden-md-facial-detox-pore-clarifying-mask
masks-1,/collections/masks-1/products/osea-red-algae-mask
masks-1,/collections/masks-1/products/kypris-glow-philtre
masks-1,/collections/masks-1/products/josh-rosebrook-cacao-antioxidant-mask
masks-1,/collections/masks-1/products/kypris-deep-forest-clay
masks-1,/collections/masks-1/products/marula-mineral-face-mask
masks-1,/collections/masks-1/products/probiotic-exfoliation-mask
masks-1,/collections/masks-1/products/tata-harper-purifying-mask
masks-1,/collections/masks-1/products/herbivore-brighten-mask
masks-1,/collections/masks-1/products/copaiba-deep-cleanse-aha-mask
masks-1,/collections/masks-1/products/rosehip-bioregenerate-rapid-radiance-mask
masks-1,/collections/masks-1/products/rose-otto-propolis-ultra-radiance-cream
masks-1,/collections/masks-1/products/evolvh-ultrarepair-treatment-masque
masks-1,/collections/masks-1/products/green-apple-peel-full-strength
masks-1,/collections/masks-1/products/green-apple-peel-sensitive
masks-1,/collections/masks-1/products/clearing-mask
masks-1,/collections/masks-1/products/glow-getter-set
masks-1,/collections/masks-1/products/prism-20-aha-5-bha-exfoliating-glow-facial
masks-1,/collections/masks-1/products/brightening-mask
masks-1,/collections/masks-1/products/goopglow-15-glycolic-acid-overnight-glow-peel
treatments,/collections/treatments/products/rosehip-bioregenerate-oil
treatments,/collections/treatments/products/blue-tansy-mask
treatments,/collections/treatments/products/vitamin-c-e-ferulic-acid-serum
treatments,/collections/treatments/products/clear-skin-advanced-spot-treatment
treatments,/collections/treatments/products/algae-moringa-universal-face-oil
treatments,/collections/treatments/products/gentle-retinol-night-serum
treatments,/collections/treatments/products/everything-serum
treatments,/collections/treatments/products/barrier-lipid-complex
treatments,/collections/treatments/products/resurfacing-serum
treatments,/collections/treatments/products/evening-primrose-green-tea-algae-retinol-oil
treatments,/collections/treatments/products/peak-strength-am-serum-shot
treatments,/collections/treatments/products/reverse-longitude-pm-serum-shot
treatments,/collections/treatments/products/hyaluronic-sea-serum
treatments,/collections/treatments/products/lapis-facial-oil
treatments,/collections/treatments/products/the-eye-achiever-multi-correction-eye-serum
treatments,/collections/treatments/products/luxury-beauty-serum
treatments,/collections/treatments/products/plum-beauty-oil
treatments,/collections/treatments/products/marie-veronique-soothing-b3-serum
treatments,/collections/treatments/products/protective-day-oil
treatments,/collections/treatments/products/kypris-moonlight-catalyst
treatments,/collections/treatments/products/maya-chia-the-super-couple-ultra-luxe-anti-aging-serum
treatments,/collections/treatments/products/african-botanics-pure-marula-oil
treatments,/collections/treatments/products/tata-harper-resurfacing-mask
treatments,/collections/treatments/products/rose-quartz-facial-roller
treatments,/collections/treatments/products/hyaluronic-serum-200
treatments,/collections/treatments/products/serum-crema
treatments,/collections/treatments/products/the-probiotic-concentrate
treatments,/collections/treatments/products/yuzu-vitamin-c-serum
treatments,/collections/treatments/products/here-we-glow-again-protect-revive-serum
treatments,/collections/treatments/products/the-refresh-mint
treatments,/collections/treatments/products/seriously-soothing-blue-tansy-night-oil
treatments,/collections/treatments/products/brightening-super-greens-serum
treatments,/collections/treatments/products/true-skin-radiant-priming-serum
treatments,/collections/treatments/products/daily-skin-nutrition
treatments,/collections/treatments/products/daily-vitamin-infusion
treatments,/collections/treatments/products/age-proof-coq10-eye-recovery-concentrate
treatments,/collections/treatments/products/1-bakuchiol-in-olive-squalane-booster
treatments,/collections/treatments/products/strawberry-oil-booster
treatments,/collections/treatments/products/radiance-renewal-peel
treatments,/collections/treatments/products/gentle-daily-peel
treatments,/collections/treatments/products/balancing-face-oil
treatments,/collections/treatments/products/botanical-e-youth-preservation-serum
treatments,/collections/treatments/products/cacao-vanilla-beauty-mask
treatments,/collections/treatments/products/fullmoon-serum
treatments,/collections/treatments/products/infusion
treatments,/collections/treatments/products/lip-kit-plumper-buffer-duo
treatments,/collections/treatments/products/superfood-360-serum
treatments,/collections/treatments/products/zenicure-rejuvenating-facial-oil
treatments,/collections/treatments/products/radiant-rani
treatments,/collections/treatments/products/light-reveal-formule-intensif-no-1
treatments,/collections/treatments/products/balancing-act-formule-intensif-no-2
treatments,/collections/treatments/products/age-gracefully-formule-intensif-no-3
treatments,/collections/treatments/products/blemish-correct-formule-intensif-no-5
treatments,/collections/treatments/products/sen-face-serum
treatments,/collections/treatments/products/stem-cell-serum
treatments,/collections/treatments/products/plantgenius-survival-serum
treatments,/collections/treatments/products/i-waken-eye-serum
treatments,/collections/treatments/products/topical-c
treatments,/collections/treatments/products/goldie-face-roller
treatments,/collections/treatments/products/detox-hydrating-gel
treatments,/collections/treatments/products/very-gentle-calming-serum
treatments,/collections/treatments/products/very-gentle-hydra-mask
treatments,/collections/treatments/products/eye-gel-serum
treatments,/collections/treatments/products/jade-facial-roller
treatments,/collections/treatments/products/amethyst-facial-roller
treatments,/collections/treatments/products/hyaluronic-eye-complex
treatments,/collections/treatments/products/radiant-glow-mask
treatments,/collections/treatments/products/rainforest-rescue-blemish-serum
treatments,/collections/treatments/products/skin-balancing-mask
treatments,/collections/treatments/products/signal-peptides-firming-serum
treatments,/collections/treatments/products/moisture-renew-mask
treatments,/collections/treatments/products/back-to-life-hydration-serum
treatments,/collections/treatments/products/love-charcoal-masque
treatments,/collections/treatments/products/rad-face-oil
treatments,/collections/treatments/products/supercharge-serum
treatments,/collections/treatments/products/organic-hydrogel-mask
treatments,/collections/treatments/products/organic-real-kelp-sheet-mask
treatments,/collections/treatments/products/spacemasks-self-heating-eye-mask
treatments,/collections/treatments/products/clear-skin-advanced-face-serum
treatments,/collections/treatments/products/supreme-c-treatment
treatments,/collections/treatments/products/supreme-moisture-mask
treatments,/collections/treatments/products/bright-and-easy-3-minute-flash-mask
treatments,/collections/treatments/products/maqui-berry-beauty-drops-pm
treatments,/collections/treatments/products/rebound-organic-antioxidant-renewal-boosting-serum
treatments,/collections/treatments/products/frankincense-lift-serum
treatments,/collections/treatments/products/beauty-whip
treatments,/collections/treatments/products/w3ll-people-bio-booster-serum
treatments,/collections/treatments/products/detox-clarifying-facial-wash
treatments,/collections/treatments/products/ursa-major-brighten-up-vitamin-c-serum
treatments,/collections/treatments/products/josh-rosebrook-advanced-hydration-mask
treatments,/collections/treatments/products/juice-beauty-stem-cellular-exfoliating-peel-spray
treatments,/collections/treatments/products/african-botanics-nutritive-molecule-serum
treatments,/collections/treatments/products/susanne-kaufmann-moisturizing-mask
treatments,/collections/treatments/products/susanne-kaufmann-skin-care-line-f-face-oil
treatments,/collections/treatments/products/tata-harper-beautifying-face-oil
treatments,/collections/treatments/products/violets-are-blue-facial-serum
treatments,/collections/treatments/products/kjaer-weis-the-beautiful-oil
treatments,/collections/treatments/products/susanne-kaufmann-enzyme-peel
treatments,/collections/treatments/products/susanne-kaufmann-skin-care-line-f-face-fluid
treatments,/collections/treatments/products/susanne-kaufmann-hyaluron-serum
treatments,/collections/treatments/products/susanne-kaufmann-nutrient-concentrate-skin-smoothing
treatments,/collections/treatments/products/goldfaden-md-fresh-a-peel-multi-acid-resurfacing-peel
treatments,/collections/treatments/products/goldfaden-md-fleuressence-native-botanical-cell-oil
treatments,/collections/treatments/products/goldfaden-md-facial-detox-pore-clarifying-mask
treatments,/collections/treatments/products/goldfaden-md-brightening-elixir
treatments,/collections/treatments/products/goldfaden-md-needle-less-line-smoothing-concentrate
treatments,/collections/treatments/products/marie-veronique-kristina-holey-marie-veronique-intensive-repair-serum
treatments,/collections/treatments/products/osea-ocean-cleansing-mudd
treatments,/collections/treatments/products/osea-red-algae-mask
treatments,/collections/treatments/products/kypris-glow-philtre
treatments,/collections/treatments/products/maya-chia-the-super-blend
treatments,/collections/treatments/products/josh-rosebrook-active-infusion-serum
treatments,/collections/treatments/products/josh-rosebrook-cacao-antioxidant-mask
treatments,/collections/treatments/products/sahajan-protective-face-serum
treatments,/collections/treatments/products/kypris-deep-forest-clay
treatments,/collections/treatments/products/tata-harper-clarifying-spot-solution
treatments,/collections/treatments/products/enriching-face-oil
treatments,/collections/treatments/products/the-mini-kit
treatments,/collections/treatments/products/finishing-oil
treatments,/collections/treatments/products/kypris-heliotropic-spf-30-treatment-primer
treatments,/collections/treatments/products/skin-owl-neck-plus
treatments,/collections/treatments/products/marula-mineral-face-mask
treatments,/collections/treatments/products/maya-chia-pure-supercritical-omega-3-chia-oil
treatments,/collections/treatments/products/usda-organic-treatment-oil
treatments,/collections/treatments/products/lightening-serum
treatments,/collections/treatments/products/redness-relief-serum
treatments,/collections/treatments/products/eye-repair-serum
treatments,/collections/treatments/products/rejuvenating-night-oil
treatments,/collections/treatments/products/probiotic-exfoliation-mask
treatments,/collections/treatments/products/zyderma-hs-clarifying-cream
treatments,/collections/treatments/products/tata-harper-purifying-mask
treatments,/collections/treatments/products/fleurs-dafrique
treatments,/collections/treatments/products/orchid-facial-oil
treatments,/collections/treatments/products/phoenix-facial-oil
treatments,/collections/treatments/products/herbivore-brighten-mask
treatments,/collections/treatments/products/african-botanics-neroli-infused-marula-oil
treatments,/collections/treatments/products/resurrection-cell-recovery-serum
treatments,/collections/treatments/products/skin-owl-beauty-drops-am-clary-sage
treatments,/collections/treatments/products/copaiba-deep-cleanse-aha-mask
treatments,/collections/treatments/products/rosehip-bioregenerate-rapid-radiance-mask
treatments,/collections/treatments/products/perfect-balance-blemish-serum-copaiba-zinc
treatments,/collections/treatments/products/instant-calm-redness-serum-sea-aster-wild-oat
treatments,/collections/treatments/products/blemish-clearing-serum
treatments,/collections/treatments/products/one-love-organics-vitamin-c-serum
treatments,/collections/treatments/products/green-apple-age-defy-serum
treatments,/collections/treatments/products/green-apple-peel-full-strength
treatments,/collections/treatments/products/green-apple-peel-sensitive
treatments,/collections/treatments/products/stem-cellular-booster-serum
treatments,/collections/treatments/products/stem-cellular-eye-treatment
treatments,/collections/treatments/products/tata-harper-retinoic-nutrient-face-oil
treatments,/collections/treatments/products/tata-harper-rejuvenating-serum
treatments,/collections/treatments/products/kypris-clearing-serum
treatments,/collections/treatments/products/kypris-antioxidant-dew
treatments,/collections/treatments/products/therapeutic-balancing-face-oil-1
treatments,/collections/treatments/products/anti-wrinkle-eye-treatment
treatments,/collections/treatments/products/anti-aging-face-treatment-oil
treatments,/collections/treatments/products/rms-beauty-oil
treatments,/collections/treatments/products/essential-serum
treatments,/collections/treatments/products/mun-no-1-aknari-brightening-youth-serum
treatments,/collections/treatments/products/blemish-lotion
treatments,/collections/treatments/products/banish-stick
treatments,/collections/treatments/products/clearing-mask
treatments,/collections/treatments/products/squalane-facial-oil
treatments,/collections/treatments/products/boosted-contouring-serum-2-0
treatments,/collections/treatments/products/herbal-youth-collagen-boosting-mask
treatments,/collections/treatments/products/japanese-cherry-blossom-white-tea-smoothing-mask
treatments,/collections/treatments/products/organic-face-serum-with-coffee-oil
treatments,/collections/treatments/products/blueberry-booster
treatments,/collections/treatments/products/essential-nutrients-face-serum
treatments,/collections/treatments/products/beauty-sleep-elixir
treatments,/collections/treatments/products/triple-action-reclaiming-serum
treatments,/collections/treatments/products/prism-20-aha-5-bha-exfoliating-glow-facial
treatments,/collections/treatments/products/c-therapy-serum
treatments,/collections/treatments/products/the-straight-a
treatments,/collections/treatments/products/detox-serum
treatments,/collections/treatments/products/instant-smoothing-serum
treatments,/collections/treatments/products/concentrated-brightening-serum-2-0-mini
treatments,/collections/treatments/products/boosted-contouring-serum-2-0-mini
treatments,/collections/treatments/products/goopglow-15-glycolic-acid-overnight-glow-peel
treatments,/collections/treatments/products/goopglow-20-vitamin-c-hyaluronic-glow-serum
treatments,/collections/treatments/products/aloha-youth-serum
eye-care,/collections/eye-care/products/signal-peptides-firming-eye-balm
eye-care,/collections/eye-care/products/hyaluronic-eye-complex
eye-care,/collections/eye-care/products/plantgenius-line-filling-eye-balm
eye-care,/collections/eye-care/products/honest-hazel-3-treatment-eye-gels-pack
eye-care,/collections/eye-care/products/goldefaden-md-bright-eyes-dark-circle-radiance-complex
eye-care,/collections/eye-care/products/perfecting-eye-cream
eye-care,/collections/eye-care/products/tata-harper-restorative-eye-creme
eye-care,/collections/eye-care/products/frankincense-intense-lift-eye-cream
eye-care,/collections/eye-care/products/light-reveal-formule-intensif-no-1
eye-care,/collections/eye-care/products/age-gracefully-formule-intensif-no-3
eye-care,/collections/eye-care/products/i-waken-eye-serum
eye-care,/collections/eye-care/products/very-gentle-eye-cream
eye-care,/collections/eye-care/products/eye-gel-serum
eye-care,/collections/eye-care/products/organic-flowers-eye-essence
eye-care,/collections/eye-care/products/marula-resurrection-eye-cream-1
eye-care,/collections/eye-care/products/vital-eye-cream
eye-care,/collections/eye-care/products/illuminating-eye-creme
eye-care,/collections/eye-care/products/susanne-kaufmann-skin-care-line-t-eye-cream
eye-care,/collections/eye-care/products/sahajan-restorative-eye-cream
eye-care,/collections/eye-care/products/lash-and-brow-enhancing-serum
eye-care,/collections/eye-care/products/instant-eye-lift-algae-mask-single-use
eye-care,/collections/eye-care/products/eye-repair-serum
eye-care,/collections/eye-care/products/advanced-eye-technology
eye-care,/collections/eye-care/products/full-brow-serum
eye-care,/collections/eye-care/products/echium-argan-gentle-eye-cream
eye-care,/collections/eye-care/products/one-love-organics-vitamin-e-eye-balm
eye-care,/collections/eye-care/products/green-apple-brightening-eye-cream
eye-care,/collections/eye-care/products/stem-cellular-eye-treatment
eye-care,/collections/eye-care/products/anti-wrinkle-eye-treatment
eye-care,/collections/eye-care/products/boosted-contouring-eye-balm-2-0
eye-care,/collections/eye-care/products/age-repair-eye-cream
eye-care,/collections/eye-care/products/berry-rich-probiotic-face-eye-cream
sunscreen,/collections/sunscreen/products/5-in-1-natural-moisturizing-face-sunscreen-tinted
sunscreen,/collections/sunscreen/products/natural-moisturizing-face-sunscreen-primer-spf-30
sunscreen,/collections/sunscreen/products/juice-beauty-stem-cellular-cc-cream
sunscreen,/collections/sunscreen/products/impeccable-skin-broad-spectrum-spf-30
sunscreen,/collections/sunscreen/products/josh-rosebrook-nutrient-day-cream-with-spf-30
sunscreen,/collections/sunscreen/products/everyday-coverage-tinted-sunscreen-spf-30
sunscreen,/collections/sunscreen/products/protective-day-oil
sunscreen,/collections/sunscreen/products/w3ll-people-bio-tint-multi-action-moisturizer
sunscreen,/collections/sunscreen/products/spf-30-oil-free-moisturizer
sunscreen,/collections/sunscreen/products/josh-rosebrook-nutrient-day-cream-with-spf-30-tinted
sunscreen,/collections/sunscreen/products/5-in-1-natural-self-tanner
sunscreen,/collections/sunscreen/products/ilia-moondance-radiance-translucent-powder-spf-20
sunscreen,/collections/sunscreen/products/lip-joa
sunscreen,/collections/sunscreen/products/kypris-heliotropic-spf-30-treatment-primer
sunscreen,/collections/sunscreen/products/mineral-sun-balm
sunscreen,/collections/sunscreen/products/spf-30-sport
sunscreen,/collections/sunscreen/products/radiant-translucent-powder-spf-20-tinted
sunscreen,/collections/sunscreen/products/three-sixty-five-spf-28
sunscreen,/collections/sunscreen/products/ursa-major-force-field-daily-defense-lotion
sunscreen,/collections/sunscreen/products/natural-mineral-suncreen-spf-30-for-body
sunscreen,/collections/sunscreen/products/mineral-sunscreen-spf-30-lightly-scented
sunscreen,/collections/sunscreen/products/super-serum-skin-tint-spf-40
sunscreen,/collections/sunscreen/products/natural-mineral-suncreen-spf-30-for-body-unscented
sunscreen,/collections/sunscreen/products/the-mini-kit
sunscreen,/collections/sunscreen/products/mineral-sunscreen-spf-30-fragrance-free
sunscreen,/collections/sunscreen/products/radically-rejuvenating-spf-day-cream
sunscreen,/collections/sunscreen/products/osea-sea-minerals-mist
sunscreen,/collections/sunscreen/products/after-sun-body-mist
sunscreen,/collections/sunscreen/products/lip-balm-face-stick
sunscreen,/collections/sunscreen/products/mineral-tinted-broad-spectrum-face-sunscreen-spf-30
sunscreen,/collections/sunscreen/products/sport-mineral-sun-stick
sunscreen,/collections/sunscreen/products/self-tan
sunscreen,/collections/sunscreen/products/d-luxe-daily-bronzer-spf-30
sunscreen,/collections/sunscreen/products/daily-protezione
sunscreen,/collections/sunscreen/products/mineral-defense-facial-cream-spf-30
sunscreen,/collections/sunscreen/products/cellular-protection-sun-cream-spf-50
sunscreen,/collections/sunscreen/products/aurora-rose-ultra-matte-spf-45-sunscreen
sunscreen,/collections/sunscreen/products/mineral-sunscreen-spf-50-fragrance-free
sunscreen,/collections/sunscreen/products/mineral-sunscreen-spf-50-lightly-scented
sunscreen,/collections/sunscreen/products/staycation-botanical-bronzing-shimmer-serum
sunscreen,/collections/sunscreen/products/cellular-protection-sun-cream-spf-30
sunscreen,/collections/sunscreen/products/protect-smooth-emollient-rich-hand-cream-spf-15
sunscreen,/collections/sunscreen/products/pure-untinted-ultra-matte-spf-45-sunscreen
sunscreen,/collections/sunscreen/products/elemental-day-silk
sunscreen,/collections/sunscreen/products/serum-crema
sunscreen,/collections/sunscreen/products/the-back-up-botanical-skincare-supplement
lip-care,/collections/lip-care/products/lipfuel-hyaluronic-lip-balm
lip-care,/collections/lip-care/products/tinted-balms
lip-care,/collections/lip-care/products/chazstick-lip-balm-1
lip-care,/collections/lip-care/products/velvet-sole-lip-balm
lip-care,/collections/lip-care/products/lip-serum
lip-care,/collections/lip-care/products/lip-mask
lip-care,/collections/lip-care/products/sheer-balm-lipstick
lip-care,/collections/lip-care/products/lip-kit-plumper-buffer-duo
lip-care,/collections/lip-care/products/lip-whip-treatment-balm-peppermint
lip-care,/collections/lip-care/products/lip-whip-treatment-balm-cinnamon
lip-care,/collections/lip-care/products/lip-whip-color-balm
lip-care,/collections/lip-care/products/lip-whip-perfector-buff-mask
lip-care,/collections/lip-care/products/chazstick-cannabis-lip-balm
lip-care,/collections/lip-care/products/plumper
lip-care,/collections/lip-care/products/buffer
lip-care,/collections/lip-care/products/lip-balm-face-stick
lip-care,/collections/lip-care/products/cbd-infused-lip-balm
lip-care,/collections/lip-care/products/the-lip-balm
lip-care,/collections/lip-care/products/luxury-lip-tint
lip-care,/collections/lip-care/products/luxury-lip-balm-v2
lip-care,/collections/lip-care/products/abhati-mahandi-lip-treatment
lip-care,/collections/lip-care/products/coco-rose-lip-conditioner
lip-care,/collections/lip-care/products/luminous-lip-crayon
lip-care,/collections/lip-care/products/tata-harper-be-adored-tinted-lip-treatment
lip-care,/collections/lip-care/products/tata-harper-be-true-lip-treatment
lip-care,/collections/lip-care/products/ilia-balmy-days-lip-conditioner
lip-care,/collections/lip-care/products/rms-beauty-lip-skin-balm-simply-vanilla
lip-care,/collections/lip-care/products/lip-joa
lip-care,/collections/lip-care/products/lux-organic-lip-conditioner-1
lip-care,/collections/lip-care/products/velvet-lip-gloss
lip-care,/collections/lip-care/products/ilia-balmy-nights-lip-exfoliator
lip-care,/collections/lip-care/products/lip-nectar
lip-care,/collections/lip-care/products/healing-balm
lip-care,/collections/lip-care/products/wet-lip-oil-gloss
lip-care,/collections/lip-care/products/beachplease-luminous-tinted-balm
lip-care,/collections/lip-care/products/watermelon-lip-balm
lip-care,/collections/lip-care/products/cbd-infused-lip-butter-stick
